date,close,open,high,low,volume,symbol
2026-02-23,15498.0,15239.0,15498.0,14635.8,240,BNL
2026-02-23,742.0,760.0,767.0,740.0,8535,GBLBS
2026-02-23,9.05,8.99,9.23,8.99,0,CSY
2026-02-23,1216.0,1216.0,1216.0,1216.0,0,CCBD88
2026-02-23,362.0,367.0,369.0,362.0,74823,UPCL
2026-02-23,815.0,827.5,827.5,810.0,18069,CGH
2026-02-23,503.2,507.0,516.0,501.2,13745,ULHC
2026-02-23,409.0,405.0,411.0,405.0,8266,GCIL
2026-02-23,1741.5,1748.0,1750.0,1740.0,4773,CIT
2026-02-23,452.7,464.0,464.9,452.2,4159,GMFIL
2026-02-23,186.0,186.0,187.5,185.3,44010,HBL
2026-02-23,1135.0,1135.0,1135.0,1135.0,0,ICFCD83
2026-02-23,188.1,186.0,192.0,185.0,327997,HIDCLP
2026-02-23,419.0,412.0,420.0,412.0,6823,IGI
2026-02-23,464.0,460.0,467.5,459.0,40603,LBBL
2026-02-23,608.0,609.0,615.0,607.0,6379,MDB
2026-02-23,800.0,798.0,804.9,791.0,2155,MANDU
2026-02-23,416.0,417.0,422.0,415.0,385978,NGPL
2026-02-23,10.1,10.0,10.1,10.0,0,MBLEF
2026-02-23,257.9,251.2,260.0,251.2,57011,NIFRA
2026-02-23,831.9,830.0,835.0,830.0,4696,DDBL
2026-02-23,9.87,10.0,10.0,9.86,0,CMF2
2026-02-23,827.0,825.1,832.0,825.1,60653,HRL
2026-02-23,182.3,178.4,183.0,178.4,148948,KBL
2026-02-23,297.8,290.5,297.8,290.4,164999,API
2026-02-23,875.0,887.0,902.0,862.8,63935,BANDIPUR
2026-02-23,900.0,905.0,908.0,890.3,902,ENL
2026-02-23,564.9,557.7,566.0,557.0,29288,BHCL
2026-02-23,195.0,193.3,199.0,193.3,110239,BHL
2026-02-23,698.0,708.9,708.9,696.0,47305,BPCL
2026-02-23,623.0,639.0,639.0,620.0,11810,BUNGAL
2026-02-23,403.0,405.0,408.9,400.0,34258,EHPL
2026-02-23,625.1,633.0,640.0,616.0,14305,GFCL
2026-02-23,536.1,530.0,554.9,528.5,6135,GUFL
2026-02-23,433.5,450.9,450.9,431.0,13758,MEHL
2026-02-23,574.5,573.0,575.5,570.2,31458,MEN
2026-02-23,792.4,764.4,795.0,764.4,152862,MFIL
2026-02-23,1170.0,1175.0,1175.0,1170.0,0,GBILD84/85
2026-02-23,513.2,506.7,523.0,506.7,11397,MHL
2026-02-23,520.7,517.0,530.0,517.0,25832,MKJC
2026-02-23,1345.5,1341.0,1353.0,1341.0,1407,MKCL
2026-02-23,714.0,724.0,724.0,709.6,3464,MERO
2026-02-23,614.0,615.0,620.0,602.7,11720,MPFL
2026-02-23,1835.1,1845.0,1860.0,1830.0,516,MLBSL
2026-02-23,495.4,498.6,498.6,493.1,56438,NABIL
2026-02-23,620.0,625.0,625.0,618.0,11508,NFS
2026-02-23,1115.8,1115.8,1115.8,1115.8,0,GWFD83
2026-02-23,1100.0,1078.0,1100.0,1078.0,0,BOKD86
2026-02-23,322.0,321.0,324.5,320.0,53325,NICA
2026-02-23,332.0,330.0,334.0,329.0,68736,SANIMA
2026-02-23,1435.0,1425.0,1435.0,1425.0,341,MLBS
2026-02-23,375.1,378.0,379.8,373.0,8786,SFCL
2026-02-23,316.8,311.0,316.8,293.1,5250,HEIP
2026-02-23,1150.0,1150.0,1150.0,1150.0,0,HBLD86
2026-02-23,9.66,9.41,9.66,9.41,0,SBCF
2026-02-23,9.65,9.32,9.7,9.32,0,NMBHF2
2026-02-23,439.2,395.4,439.2,395.4,240,SABBL
2026-02-23,1081.0,1081.0,1081.0,1081.0,0,NMBD87/88
2026-02-23,377.2,376.3,388.6,375.0,31023,SGHC
2026-02-23,9.16,9.03,9.2,9.03,0,NICFC
2026-02-23,432.0,391.5,432.0,391.5,50,RSML
2026-02-23,185.0,186.0,187.0,184.5,210766,NIMB
2026-02-23,640.0,634.1,641.0,634.1,18757,SCB
2026-02-23,1263.0,1264.1,1300.0,1262.5,1206,MSLB
2026-02-23,291.2,290.5,301.0,290.5,12870,SJCL
2026-02-23,294.0,290.0,297.0,290.0,196041,SHEL
2026-02-23,979.9,974.2,994.9,957.0,1469,ACLBSL
2026-02-23,810.0,828.8,828.8,805.5,2215,SLBBL
2026-02-23,417.0,426.5,426.5,415.2,19240,SONA
2026-02-23,1947.0,1871.7,1947.0,1804.0,1635,SMB
2026-02-23,480.0,472.0,510.0,472.0,23592,SMJC
2026-02-23,9.6,9.42,9.6,9.42,0,NICBF
2026-02-23,533.8,540.0,540.0,525.0,2883,SPHL
2026-02-23,551.0,545.0,557.0,545.0,4428,UHEWA
2026-02-23,385.1,389.0,389.0,383.3,21788,SRLI
2026-02-23,181.0,182.0,183.8,178.7,244487,SSHL
2026-02-23,1780.0,1788.0,1887.0,1762.1,154330,SYPNL
2026-02-23,413.0,413.1,417.0,411.0,18433,TAMOR
2026-02-23,722.0,716.0,742.0,716.0,2968,TSHL
2026-02-23,848.0,857.1,869.9,846.0,31688,TTL
2026-02-23,10.49,10.1,10.49,10.1,0,NMB50
2026-02-23,1122.2,1116.2,1126.0,1116.2,1614,NMFBS
2026-02-23,1167.2,1147.6,1167.2,1147.6,0,ICFCD88
2026-02-23,11650.0,11560.1,11650.0,11520.0,150,BNT
2026-02-23,182.0,182.0,183.9,179.1,93055,UPPER
2026-02-23,1045.0,1037.0,1045.0,1030.0,3072,FOWAD
2026-02-23,1421.0,1448.0,1448.0,1410.0,1087,USLB
2026-02-23,556.0,553.1,560.0,553.0,3860,VLUCL
2026-02-23,9.8,9.6,9.8,9.6,0,C30MF
2026-02-23,706.0,703.0,712.9,691.5,4852,OHL
2026-02-23,424.0,395.0,424.0,392.0,10942,SBI
2026-02-23,12168.6,11930.0,12168.6,11930.0,10,RBCLPO
2026-02-23,1690.0,1700.0,1700.0,1690.0,10,KBSH
2026-02-23,1107.5,1103.5,1115.0,1103.5,720,JSLBB
2026-02-23,14800.0,14711.0,14800.1,14711.0,110,RBCL
2026-02-23,9.61,9.77,9.77,9.6,0,NBF2
2026-02-23,11.1,10.87,11.22,10.87,0,PSF
2026-02-23,1112.0,1112.1,1112.1,1112.0,0,PBLD84
2026-02-23,1636.4,1579.8,1669.9,1562.0,4595,CORBL
2026-02-23,1101.0,1108.0,1108.0,1100.0,732,GILB
2026-02-23,9.33,8.97,9.33,8.81,0,GBIMESY2
2026-02-23,1058.0,1058.0,1058.0,1058.0,0,RBBD2088
2026-02-23,11.5,11.3,11.52,11.3,0,H8020
2026-02-23,193.0,193.0,193.0,193.0,257155,MLBLPO
2026-02-23,9.61,9.6,9.61,9.53,0,SEF
2026-02-23,6280.0,6204.0,6315.0,6125.0,551,ANLB
2026-02-23,1076.0,1076.0,1076.0,1076.0,0,SBLD83
2026-02-23,1128.1,1125.0,1128.1,1125.0,0,SDBD87
2026-02-23,1135.0,1125.1,1135.0,1125.1,0,SHINED
2026-02-23,1075.0,1075.0,1075.0,1075.0,0,SBLD2091
2026-02-23,947.2,940.0,955.5,940.0,242,MATRI
2026-02-23,9.69,9.69,9.69,9.69,0,SIGS2
2026-02-23,9.94,9.75,9.94,9.55,0,LUK
2026-02-23,1098.0,1095.0,1098.0,1095.0,0,NBLD87
2026-02-23,9.6,9.45,9.6,9.45,0,SFEF
2026-02-23,1546.0,1567.0,1570.0,1546.0,812,SHLB
2026-02-23,1052.0,1052.0,1052.0,1052.0,0,NICAD2091
2026-02-23,156.0,156.9,156.9,153.0,318,NIMBPO
2026-02-23,10.11,10.05,10.16,10.05,0,SIGS3
2026-02-23,607.0,613.8,614.5,605.0,5473,NMLBBL
2026-02-23,1083.0,1083.0,1083.0,1083.0,0,PBD85
2026-02-23,1300.0,1280.0,1301.9,1280.0,258,SLBSL
2026-02-23,1061.19,1061.19,1061.19,1061.19,0,NIBD84
2026-02-23,9.25,9.3,9.3,8.91,0,NIBLSTF
2026-02-23,1213.8,1213.8,1213.8,1213.8,0,PBD88
2026-02-23,9.65,9.84,9.84,9.5,0,RMF1
2026-02-23,9.9,9.86,10.05,9.8,0,SAGF
2026-02-23,10.0,9.87,10.0,9.68,0,RMF2
2026-02-23,770.3,780.0,780.0,769.0,4085,SMATA
2026-02-23,715.6,725.1,735.0,715.0,8745,SPL
2026-02-23,699.0,700.0,711.0,698.5,92403,SMH
2026-02-23,712.9,714.0,714.0,700.1,12676,PRIN
2026-02-23,46115.0,46115.0,46115.0,46115.0,0,UNL
2026-02-23,5516.0,5555.0,5700.0,5475.0,5716,STC
2026-02-23,1830.0,1831.0,1833.0,1820.0,455,UNLB
2026-02-23,710.0,708.6,722.7,699.1,10904,USHL
2026-02-23,904.0,893.0,919.9,893.0,1418,HLBSL
2026-02-23,1360.0,1293.6,1360.0,1270.4,85368,NABBC
2026-02-23,632.0,633.0,639.0,630.2,3332,NHDL
2026-02-23,9.11,9.94,10.52,9.02,0,NIBSF2
2026-02-23,500.1,498.0,528.0,493.0,3179,DOLTI
2026-02-23,611.2,615.0,618.0,610.6,11922,SICL
2026-02-23,755.0,770.0,770.0,755.0,1052,VLBS
2026-02-23,1608.0,1610.0,1640.8,1600.0,82,SMFBS
2026-02-23,375.0,379.0,396.7,371.0,129687,TPC
2026-02-23,788.1,785.1,805.0,785.1,1632,MSHL
2026-02-23,1300.0,1305.0,1315.6,1300.0,1371,MLBBL
2026-02-23,657.0,655.0,669.0,655.0,10447,NLG
2026-02-23,4600.0,4692.0,4739.0,4600.0,764,BBC
2026-02-23,9.65,10.27,10.67,9.51,0,NIBLGF
2026-02-23,1433.0,1426.0,1445.0,1398.0,212,GMFBS
2026-02-23,924.9,920.1,945.0,915.0,6002,ILBS
2026-02-23,919.0,912.0,920.0,912.0,273,LLBS
2026-02-23,11.15,11.0,11.26,11.0,0,PRSF
2026-02-23,9.52,9.52,9.52,9.52,0,SLCF
2026-02-23,680.0,687.0,687.0,679.9,6440,SPIL
2026-02-23,233.0,233.1,235.0,232.4,43277,NMB
2026-02-23,646.0,650.0,655.0,646.0,2017,NMBMF
2026-02-23,10.5,10.41,10.5,10.41,0,NSIF2
2026-02-23,743.5,750.3,761.0,742.0,1540,BGWT
2026-02-23,10.65,10.54,10.83,10.54,0,GIBF1
2026-02-23,873.0,854.0,875.0,854.0,1362,KDL
2026-02-23,255.9,261.0,261.0,252.1,22123,MHNL
2026-02-23,9.25,9.22,9.25,9.04,0,NICGF2
2026-02-23,755.1,756.0,763.0,755.1,9412,SKBBL
2026-02-23,660.0,646.6,660.0,646.6,637,SWMF
2026-02-23,664.5,664.0,668.0,664.0,18205,EBL
2026-02-23,9.17,9.29,9.29,9.12,0,HLICF
2026-02-23,918.0,920.1,925.0,904.0,20215,CBBL
2026-02-23,738.5,719.0,768.9,719.0,47184,SINDU
2026-02-23,256.0,261.9,261.9,254.0,108043,AKPL
2026-02-23,465.0,464.0,469.5,457.0,25786,UAIL
2026-02-23,740.0,733.1,745.0,733.0,4178,TRH
2026-02-23,468.0,473.0,473.0,466.0,6312,CITY
2026-02-23,1051.0,1030.0,1064.9,1030.0,32509,GRDBL
2026-02-23,9.62,9.4,9.62,9.4,0,LVF2
2026-02-23,357.8,353.7,359.0,353.7,27392,MNBBL
2026-02-23,408.0,404.0,418.0,392.0,11072,MCHL
2026-02-23,748.0,739.1,768.9,739.1,592,NADEP
2026-02-23,486.3,489.1,489.5,484.3,31000,SHL
2026-02-23,600.1,590.0,603.9,590.0,9099,SIKLES
2026-02-23,863.0,860.0,868.0,860.0,3486,SMPDA
2026-02-23,655.3,661.0,675.4,651.0,56592,TVCL
2026-02-23,533.0,533.1,540.0,533.0,2829,MAKAR
2026-02-23,770.0,767.0,790.0,767.0,25877,MKHL
2026-02-23,840.0,842.1,853.5,840.0,2180,NWCL
2026-02-23,487.9,483.1,490.0,483.0,5068,NICL
2026-02-23,255.1,255.0,261.0,254.0,53573,GLH
2026-02-23,725.4,722.0,730.0,722.0,5593,SWBBL
2026-02-23,538.5,540.0,545.0,538.0,4530,UMRH
2026-02-23,514.9,507.1,535.5,507.1,6136,BEDC
2026-02-23,951.0,936.2,967.0,936.2,2660,AVYAN
2026-02-23,398.0,397.1,403.0,397.0,27585,SHINE
2026-02-23,452.0,462.0,464.8,451.0,189931,SMHL
2026-02-23,397.0,408.0,408.0,392.3,57097,SPDL
2026-02-23,186.5,186.0,188.3,186.0,34751,CZBIL
2026-02-23,293.0,300.0,300.0,293.0,9171,DHPL
2026-02-23,458.5,461.0,464.5,458.5,34897,HPPL
2026-02-23,10.0,9.83,10.04,9.83,0,KDBY
2026-02-23,226.9,222.4,227.0,222.4,86388,MBL
2026-02-23,920.0,939.0,939.0,915.3,3358,KMCDB
2026-02-23,267.0,272.0,273.0,265.2,76407,DORDI
2026-02-23,569.0,563.0,577.8,557.2,5595,NLICL
2026-02-23,685.0,690.9,690.9,680.1,3488,NUBL
2026-02-23,1500.0,1500.0,1505.0,1490.0,1470,NESDO
2026-02-23,8.89,8.92,9.05,8.88,0,NICSF
2026-02-23,709.9,718.0,718.0,692.1,1220,RAWA
2026-02-23,408.3,414.6,414.6,405.0,9414,SADBL
2026-02-23,10.07,10.26,10.29,10.07,0,SFMF
2026-02-23,509.9,510.0,520.0,505.0,4813,AHL
2026-02-23,269.0,272.0,276.6,268.0,36134,CHL
2026-02-23,312.0,317.0,318.0,311.0,26760,MKHC
2026-02-23,560.0,569.0,569.0,552.1,8895,MMKJL
2026-02-23,1876.1,1876.0,1881.0,1876.0,1664,GLBSL
2026-02-23,9.21,9.39,9.39,9.1,0,KEF
2026-02-23,3125.0,3150.0,3185.0,3108.9,519,ULBSL
2026-02-23,464.0,452.0,478.9,452.0,13996,USHEC
2026-02-23,600.0,611.7,611.7,600.0,5416,NIL
2026-02-23,338.0,342.6,344.7,336.4,99025,BARUN
2026-02-23,466.2,465.0,478.8,463.0,25216,BHDC
2026-02-23,555.0,539.0,555.0,539.0,8672,BHPL
2026-02-23,809.5,801.1,828.0,801.1,58426,SAPDBL
2026-02-23,480.9,486.0,495.0,477.2,11764,SPC
2026-02-23,9.6,9.58,9.6,9.58,0,RBBF40
2026-02-23,464.0,460.2,465.5,460.2,36145,SGIC
2026-02-23,1412.0,1420.0,1426.9,1408.0,349,WNLB
2026-02-23,460.9,462.0,465.0,458.2,20381,CHCL
2026-02-23,455.0,447.0,457.0,447.0,12933,CLI
2026-02-23,776.4,768.4,781.0,768.4,23776,FMDBL
2026-02-23,508.0,513.8,513.8,502.0,5203,HEI
2026-02-23,221.1,224.0,224.0,220.5,85450,GBIME
2026-02-23,1300.0,1294.0,1313.0,1294.0,6054,JBLB
2026-02-23,269.0,269.0,282.0,267.5,165477,KKHC
2026-02-23,514.8,519.9,519.9,512.0,15409,KPCL
2026-02-23,1082.0,1095.0,1095.0,1082.0,0,EBLD91
2026-02-23,674.2,667.3,717.0,661.3,23481,CKHL
2026-02-23,515.0,530.4,530.4,512.0,2264,IHL
2026-02-23,347.5,364.0,365.0,345.0,32593,MHCL
2026-02-23,364.0,359.2,364.0,359.2,18956,MLBL
2026-02-23,549.9,546.0,569.9,542.1,7719,NICLBSL
2026-02-23,753.0,756.0,756.0,741.0,25137,NLIC
2026-02-23,9.5,9.58,9.69,9.22,0,MNMF1
2026-02-23,1260.1,1289.0,1299.9,1254.5,9876,NMIC
2026-02-23,1217.0,1215.1,1230.0,1210.0,43897,NRIC
2026-02-23,338.0,340.0,340.0,332.2,28027,PMHPL
2026-02-23,380.1,376.1,387.8,374.0,111152,PPL
2026-02-23,450.0,455.9,455.9,447.0,6120,PROFL
2026-02-23,581.6,583.9,591.6,576.1,14731,SIFC
2026-02-23,268.0,268.2,274.0,268.0,201707,AHPC
2026-02-23,341.0,335.3,352.8,335.0,1009830,AKJCL
2026-02-23,1046.1,1060.0,1079.8,1045.1,6900,ALBSL
2026-02-23,436.2,437.0,440.0,435.2,25379,ALICL
2026-02-23,526.9,534.0,543.0,525.0,14621,CFCL
2026-02-23,1313.0,1305.0,1348.0,1305.0,12496,CREST
2026-02-23,679.0,680.0,693.0,665.0,36652,DHEL
2026-02-23,578.9,576.0,589.0,571.5,12024,EDBL
2026-02-23,1300.0,1265.0,1300.0,1265.0,430,DLBS
2026-02-23,396.5,392.1,399.3,392.0,19349,GBBL
2026-02-23,1715.0,1705.0,1720.0,1700.0,1210,GMLI
2026-02-23,444.0,448.0,450.0,444.0,25694,SNLI
2026-02-23,2770.0,2760.0,2770.0,2730.1,2279,SWASTIK
2026-02-23,2535.0,2492.0,2560.0,2469.0,71223,CHDC
2026-02-23,610.6,620.0,620.0,610.6,23675,UMHL
2026-02-23,480.0,472.0,483.0,472.0,67339,UNHPL
2026-02-23,479.4,479.1,484.9,479.1,38765,GVL
2026-02-23,190.0,194.0,195.0,190.0,133199,HDHPC
2026-02-23,1133.1,1135.0,1141.0,1131.0,25506,HDL
2026-02-23,887.0,890.0,893.0,885.0,8735,HATHY
2026-02-23,328.0,328.0,334.0,326.1,17708,HHL
2026-02-23,256.3,255.0,260.0,255.0,70877,HIDCL
2026-02-23,359.0,358.0,362.0,358.0,37522,HLI
2026-02-23,325.9,328.5,328.5,322.6,32836,JBBL
2026-02-23,411.0,419.0,422.0,411.0,17564,JFL
2026-02-23,211.1,218.2,219.3,211.0,184757,LEC
2026-02-23,815.0,805.1,822.0,805.1,11175,LICN
2026-02-23,737.2,716.0,737.2,716.0,13432,MABEL
2026-02-23,204.0,204.0,206.8,203.1,17194,LSL
2026-02-23,282.5,280.0,286.5,280.0,34939,MBJC
2026-02-23,9.33,9.3,9.33,9.3,0,KSY
2026-02-23,1305.0,1325.0,1325.0,1300.0,4704,JHAPA
2026-02-23,630.6,630.0,638.0,620.4,10364,ICFC
2026-02-23,859.0,847.0,859.0,845.0,10573,NTC
2026-02-23,1255.0,1255.0,1279.6,1245.1,6698,OMPL
2026-02-23,281.0,283.0,288.6,281.0,81483,PHCL
2026-02-23,933.8,916.3,942.0,915.1,17496,PURE
2026-02-23,380.0,384.2,395.0,379.9,78812,RFPL
2026-02-23,286.3,300.0,309.8,281.0,1070717,RIDI
2026-02-23,390.0,395.0,395.0,390.0,7553,NYADI
2026-02-23,371.0,372.0,374.0,368.0,9001,PFL
2026-02-23,475.2,475.0,481.0,472.7,6296,PMLI
2026-02-23,446.8,445.0,447.0,434.0,9631,RLFL
2026-02-23,181.5,183.0,183.0,180.9,105073,PRVU
2026-02-23,449.0,459.0,459.0,447.2,16319,RNLI
2026-02-23,649.1,649.0,658.8,649.0,2568,RURU
2026-02-23,554.0,553.0,556.0,551.0,67117,SAHAS
2026-02-23,583.0,590.0,592.0,580.0,4040,SALICO
2026-02-23,292.0,295.0,295.0,291.0,26593,ADBL
2026-02-23,339.9,340.0,350.0,335.0,18595,BNHC
2026-02-23,227.9,230.5,235.0,226.5,84624,GHL
2026-02-23,457.0,459.0,461.9,454.0,16264,BFC
2026-02-23,958.9,886.9,969.0,886.9,27866,HIMSTAR
2026-02-23,246.0,252.0,256.8,245.0,163961,HURJA
2026-02-23,1564.0,1532.8,1589.0,1532.8,1679,CYCL
2026-02-23,433.1,430.2,437.0,430.2,9454,ILI
2026-02-23,287.0,282.0,291.9,282.0,40545,JOSHI
2026-02-23,450.1,451.0,452.0,447.0,17575,KSBBL
2026-02-23,277.1,278.0,284.0,276.5,11155,MEL
2026-02-23,9.61,9.23,9.8,8.9,0,MMF1
2026-02-23,9.4,9.26,9.55,9.26,0,GSY
2026-02-23,240.9,238.0,243.0,238.0,40881,NBL
2026-02-23,9.4,9.32,9.5,9.15,0,NBF3
2026-02-23,1478.8,1444.8,1509.0,1444.8,24447,NRN
2026-02-23,230.5,231.0,232.1,230.0,26320,PCBL
2026-02-23,212.2,216.0,218.8,210.2,214920,NHPC
2026-02-23,418.0,416.5,421.9,416.2,11639,NRM
2026-02-23,364.5,363.1,369.9,363.1,16271,PPCL
2026-02-23,845.0,844.8,850.1,835.0,174815,RADHI
2026-02-23,263.1,261.0,273.0,261.0,31020,RHGCL
2026-02-23,280.0,280.0,289.0,277.0,92112,RHPL
2026-02-23,1810.0,1852.0,1888.0,1810.0,13674,SAGAR
2026-02-23,1305.0,1350.0,1355.0,1280.0,70036,SAIL
2026-02-23,9.8,9.89,9.89,9.72,0,RSY
2026-02-23,635.1,635.1,645.0,635.0,2901,RSDC
2026-02-23,779.0,780.0,812.0,775.2,31964,SANVI
2026-02-23,858.6,851.0,865.0,851.0,8367,SARBTM
2026-02-23,373.7,372.0,375.1,367.6,21561,SBL
2026-02-23,605.0,598.0,607.9,598.0,88283,SHIVM
2026-02-23,525.2,530.0,534.7,525.0,62147,SHPC
2026-02-23,425.8,426.1,429.0,425.1,19416,SJLIC
